epoch;loss;mae;mean_squared_error;r2_score;val_loss;val_mae;val_mean_squared_error;val_r2_score
0;243451504.0;11588.009765625;243451504.0;-0.6422701478004456;96880240.0;6544.08642578125;96880240.0;0.27674588561058044
1;100996296.0;6812.68994140625;100996296.0;0.318590372800827;67946464.0;7010.10205078125;67946464.0;0.4926603436470032
2;54242360.0;5208.44287109375;54242360.0;0.6103709936141968;51873688.0;4219.58984375;51873688.0;0.6115171909332275
3;52323044.0;4373.05712890625;52323044.0;0.6183616518974304;35617664.0;3913.05908203125;35617668.0;0.7349003553390503
4;42545664.0;4420.505859375;42545664.0;0.700973629951477;41200332.0;3950.431640625;41200332.0;0.6939518451690674
