epoch;loss;mae;mean_squared_error;r2_score;val_loss;val_mae;val_mean_squared_error;val_r2_score
0;246009248.0;11672.2900390625;246009248.0;-0.6571423411369324;112485312.0;7467.65087890625;112485312.0;0.31104421615600586
1;96612840.0;7038.16845703125;96612840.0;0.3493485748767853;53898672.0;6118.75244140625;53898672.0;0.6696281433105469
2;58478364.0;5139.7685546875;58478364.0;0.5888736844062805;64110220.0;4983.97802734375;64110220.0;0.6068289875984192
3;57316888.0;4756.4423828125;57316888.0;0.610050618648529;60312252.0;5867.15185546875;60312252.0;0.6302233934402466
4;47559188.0;4699.5166015625;47559188.0;0.6712302565574646;42864868.0;4812.1845703125;42864868.0;0.7371194362640381
