epoch;loss;mae;mean_squared_error;r2_score;val_loss;val_mae;val_mean_squared_error;val_r2_score
0;249459872.0;11827.861328125;249459872.0;-0.7621894478797913;132086824.0;7433.69775390625;132086824.0;0.18722784519195557
1;117669560.0;7030.9375;117669560.0;0.15113922953605652;105086080.0;9094.6748046875;105086080.0;0.35567450523376465
2;84390928.0;6731.9755859375;84390928.0;0.3994906544685364;61616432.0;4949.470703125;61616432.0;0.6221697330474854
3;52609384.0;4653.5380859375;52609384.0;0.6226199865341187;52016912.0;4477.97509765625;52016912.0;0.6807745695114136
4;45787088.0;4482.61572265625;45787088.0;0.6594843864440918;41350552.0;4498.4326171875;41350552.0;0.7452913522720337
