epoch;loss;mae;mean_squared_error;r2_score;val_loss;val_mae;val_mean_squared_error;val_r2_score
0;270719328.0;12346.6298828125;270719328.0;-0.8177403211593628;128595888.0;7220.390625;128595888.0;0.1897658258676529
1;172693536.0;8484.6328125;172693536.0;-0.12871290743350983;63466540.0;5457.0732421875;63466540.0;0.5993221998214722
2;70543912.0;6571.25048828125;70543912.0;0.5293672680854797;79546464.0;5616.8515625;79546472.0;0.49856770038604736
3;58798424.0;4884.8388671875;58798424.0;0.603147029876709;44652360.0;4043.1220703125;44652360.0;0.7161170244216919
4;45512232.0;4182.40234375;45512232.0;0.6941209435462952;38869856.0;4284.6611328125;38869856.0;0.753387451171875
