epoch;loss;mae;mean_squared_error;r2_score;val_loss;val_mae;val_mean_squared_error;val_r2_score
0;254226112.0;11744.26171875;254226112.0;-0.6791390180587769;130338568.0;7442.90087890625;130338568.0;0.18643207848072052
1;102066112.0;6876.9755859375;102066112.0;0.301239013671875;67435712.0;7254.1904296875;67435712.0;0.5792826414108276
2;56491328.0;5296.3935546875;56491328.0;0.5872904658317566;62790276.0;5123.13427734375;62790276.0;0.6076765060424805
3;59109376.0;4834.72802734375;59109376.0;0.5795387029647827;44643700.0;4296.6259765625;44643700.0;0.7213008403778076
4;45882440.0;4555.236328125;45882440.0;0.6769710779190063;56104292.0;4426.33642578125;56104292.0;0.6501566171646118
