epoch;loss;mae;mean_squared_error;r2_score;val_loss;val_mae;val_mean_squared_error;val_r2_score
0;238050848.0;11520.9619140625;238050848.0;-0.6262380480766296;104429432.0;6586.0146484375;104429432.0;0.2601596713066101
1;101936584.0;6879.6728515625;101936584.0;0.32370525598526;48736456.0;6049.37744140625;48736456.0;0.6513658761978149
2;50246372.0;4853.7412109375;50246372.0;0.6551072001457214;53661608.0;4295.76220703125;53661608.0;0.6132520437240601
3;46286552.0;4068.79345703125;46286552.0;0.6857056617736816;32265870.0;3829.701171875;32265870.0;0.770652174949646
4;36973828.0;4343.6220703125;36973828.0;0.7369938492774963;36970756.0;3897.7041015625;36970756.0;0.7398881316184998
