epoch;loss;mae;mean_squared_error;r2_score;val_loss;val_mae;val_mean_squared_error;val_r2_score
0;251426432.0;11621.0;251426432.0;-0.6410316228866577;114142680.0;6854.310546875;114142680.0;0.2337237000465393
1;107600304.0;7125.498046875;107600304.0;0.292786180973053;56905728.0;6467.6591796875;56905728.0;0.6152701377868652
2;57133024.0;5216.99072265625;57133024.0;0.6108614802360535;82802408.0;6223.41748046875;82802408.0;0.43931764364242554
3;64984132.0;5251.08984375;64984132.0;0.5546630620956421;44019352.0;4038.19873046875;44019352.0;0.7061442732810974
4;48200720.0;4832.76416015625;48200720.0;0.6714504361152649;49531620.0;4062.04296875;49531620.0;0.6689554452896118
