epoch;loss;mae;mean_squared_error;r2_score;val_loss;val_mae;val_mean_squared_error;val_r2_score
0;236409504.0;11598.4892578125;236409504.0;-0.6927632093429565;111898984.0;6803.9765625;111898984.0;0.20735856890678406
1;122605928.0;7258.97021484375;122605928.0;0.13199828565120697;99095080.0;8724.0400390625;99095080.0;0.2982761859893799
2;70062032.0;6096.3095703125;70062032.0;0.4549257159233093;39148120.0;4160.0595703125;39148120.0;0.722873866558075
3;49494460.0;4435.24462890625;49494460.0;0.6192541122436523;40657772.0;3980.343994140625;40657772.0;0.7121540307998657
4;42310892.0;4401.4189453125;42310892.0;0.683063805103302;44006148.0;3919.41064453125;44006152.0;0.6884074807167053
