epoch;loss;mae;mean_squared_error;r2_score;val_loss;val_mae;val_mean_squared_error;val_r2_score
0;266361312.0;12048.3994140625;266361312.0;-0.8345021605491638;125482384.0;7266.28515625;125482376.0;0.1962772011756897
1;119775336.0;7158.865234375;119775336.0;0.1759272664785385;102209328.0;9039.8408203125;102209328.0;0.3462865948677063
2;77810248.0;6472.2734375;77810248.0;0.4614129066467285;51711468.0;4849.8505859375;51711468.0;0.6680245995521545
3;55303656.0;4724.29052734375;55303656.0;0.6058077216148376;62097896.0;5022.7421875;62097896.0;0.6016599535942078
4;50002896.0;4843.02197265625;50002896.0;0.6539576649665833;40376744.0;4618.03857421875;40376744.0;0.7404670715332031
