epoch;loss;mae;mean_squared_error;r2_score;val_loss;val_mae;val_mean_squared_error;val_r2_score
0;252524624.0;11782.333984375;252524624.0;-0.6710078120231628;107172976.0;6731.18701171875;107172976.0;0.2683708369731903
1;94711624.0;6729.70654296875;94711624.0;0.3415049612522125;102073728.0;8849.11328125;102073728.0;0.3003033995628357
2;73221096.0;6070.623046875;73221096.0;0.4937768578529358;54385056.0;4434.58984375;54385056.0;0.6277165412902832
3;57214616.0;4769.119140625;57214616.0;0.6015620231628418;53166240.0;4376.85107421875;53166240.0;0.6362956762313843
4;45222076.0;4809.40478515625;45222076.0;0.6896079182624817;49317648.0;4058.2958984375;49317648.0;0.662916898727417
