epoch;loss;mae;mean_squared_error;r2_score;val_loss;val_mae;val_mean_squared_error;val_r2_score
0;254588304.0;11964.0380859375;254588304.0;-0.6989598274230957;111861336.0;6868.8984375;111861336.0;0.27907079458236694
1;114985640.0;7228.84130859375;114985640.0;0.23103013634681702;104048280.0;8806.2919921875;104048280.0;0.3282613158226013
2;74669656.0;6179.5419921875;74669656.0;0.4958082139492035;40359756.0;4080.23095703125;40359756.0;0.7402162551879883
3;67463072.0;5306.42626953125;67463072.0;0.5407354235649109;85136528.0;5848.74169921875;85136528.0;0.45132601261138916
4;58358132.0;5344.53564453125;58358132.0;0.6068599820137024;37876120.0;4589.7861328125;37876120.0;0.7561188340187073
