epoch;loss;mae;mean_squared_error;r2_score;val_loss;val_mae;val_mean_squared_error;val_r2_score
0;246350800.0;11596.173828125;246350800.0;-0.6585655212402344;117317616.0;7232.81591796875;117317616.0;0.25318655371665955
1;102136592.0;6900.59814453125;102136592.0;0.28144875168800354;66393712.0;7188.732421875;66393712.0;0.5684787034988403
2;50892732.0;5117.39501953125;50892732.0;0.6401162147521973;47801096.0;4150.0478515625;47801096.0;0.6897380352020264
3;52832456.0;4352.54736328125;52832456.0;0.6215540766716003;41201732.0;4062.800048828125;41201732.0;0.7376456260681152
4;40275024.0;4531.75927734375;40275024.0;0.7170674204826355;44220436.0;4285.32275390625;44220436.0;0.7195987105369568
