epoch;loss;mae;mean_squared_error;r2_score;val_loss;val_mae;val_mean_squared_error;val_r2_score
0;244143360.0;11771.8564453125;244143360.0;-0.7120568156242371;117325248.0;7342.59619140625;117325248.0;0.2856881022453308
1;107174712.0;7073.33984375;107174712.0;0.24442973732948303;65733988.0;7117.35888671875;65733988.0;0.6015388369560242
2;58853564.0;5268.421875;58853564.0;0.5782256722450256;47286656.0;4498.97900390625;47286656.0;0.7148866057395935
3;64533948.0;5240.14892578125;64533948.0;0.5471603274345398;45182716.0;4064.53564453125;45182716.0;0.7266265749931335
4;45890584.0;4699.57666015625;45890584.0;0.663784921169281;59752452.0;4355.95947265625;59752452.0;0.63726407289505
