epoch;loss;mae;mean_squared_error;r2_score;val_loss;val_mae;val_mean_squared_error;val_r2_score
0;244401712.0;11525.228515625;244401712.0;-0.6942434906959534;121559848.0;7030.6005859375;121559848.0;0.18432313203811646
1;137004576.0;7514.9755859375;137004576.0;0.04749969765543938;72347648.0;7372.0400390625;72347648.0;0.5141103267669678
2;81599384.0;6769.8759765625;81599384.0;0.41984421014785767;80756752.0;5871.29931640625;80756752.0;0.45862868428230286
3;56773568.0;4720.21142578125;56773568.0;0.5884390473365784;48248252.0;4371.619140625;48248252.0;0.6755926609039307
4;43160592.0;4120.69970703125;43160592.0;0.6876382827758789;50703812.0;5537.4365234375;50703812.0;0.6584007143974304
