;test_loss;test_mae;test_mean_squared_error;test_r2_score
mean;304308981.3333333;12386.578450520834;304308981.3333333;-1.3136895100275676
std;16338981.3583909;476.18047279846877;16338981.3583909;0.1539656098877776
min;294328000.0;12084.4345703125;294328000.0;-1.4913039207458496
25%;294881072.0;12112.12060546875;294881072.0;-1.3614565134048462
50%;295434144.0;12139.806640625;295434144.0;-1.2316091060638428
75%;309299472.0;12537.650390625;309299472.0;-1.2248823046684265
max;323164800.0;12935.494140625;323164800.0;-1.2181555032730103
