;mean_absolute_error;mean_squared_error;loss;num_examples;num_batches;val_mean_absolute_error;val_mean_squared_error;val_loss;val_num_examples;val_num_batches;test_loss;test_mae;test_mean_squared_error;test_r2_score
mean;2736.0341796875;21637890.0;21622662.0;48120.0;378.2;3727.941650390625;27647064.0;27812492.0;108.0;4.0;27692369.12;3513.7985546875;27692369.12;0.763812243938446
std;136.8477020263672;1377792.875;1353994.75;40.824829046386306;0.408248290463863;360.39404296875;5706021.5;5701792.0;0.0;0.0;380236.89902221045;195.18957607155724;380236.89902221045;0.004555688787061153
min;2491.674072265625;19516904.0;19552274.0;48100.0;378.0;2947.724609375;17719402.0;17552340.0;108.0;4.0;27205492.0;3156.5576171875;27205492.0;0.7505852580070496
25%;2672.457763671875;20669408.0;20555256.0;48100.0;378.0;3482.34814453125;24791480.0;24934596.0;108.0;4.0;27473188.0;3376.07080078125;27473188.0;0.7606961727142334
50%;2713.436767578125;21318478.0;21366390.0;48100.0;378.0;3740.32275390625;27384008.0;27581516.0;108.0;4.0;27638448.0;3534.14501953125;27638448.0;0.764424741268158
75%;2833.99072265625;22508152.0;22525630.0;48100.0;378.0;4000.97802734375;30483526.0;30655950.0;108.0;4.0;27776880.0;3582.166259765625;27776880.0;0.7665174007415771
max;3000.85107421875;24325076.0;24201882.0;48200.0;379.0;4596.197265625;42885660.0;43134576.0;108.0;4.0;28597438.0;3922.30224609375;28597438.0;0.7697067260742188
