;mean_absolute_error;mean_squared_error;loss;num_examples;num_batches;val_mean_absolute_error;val_mean_squared_error;val_loss;val_num_examples;val_num_batches;test_loss;test_mae;test_mean_squared_error;test_r2_score
0;2768.1968;21683312.0;21762948.0;48100;378;4233.613;32611524.0;32197622.0;108;4;23677586.0;3772.364013671875;23677586.0;0.8159601092338562
1;2491.674;19826210.0;19887318.0;48100;378;3849.7883;27786324.0;27639134.0;108;4;24661928.0;3500.314453125;24661928.0;0.805292010307312
2;2935.2056;23817430.0;23870848.0;48100;378;2947.7246;17719402.0;17552340.0;108;4;23880402.0;3216.861572265625;23880402.0;0.8284327983856201
