;test_loss;test_mae;test_mean_squared_error;test_r2_score
mean;27692369.12;3513.7985546875;27692369.12;0.763812243938446
std;380236.89902221045;195.18957607155724;380236.89902221045;0.004555688787061153
min;27205492.0;3156.5576171875;27205492.0;0.7505852580070496
25%;27473188.0;3376.07080078125;27473188.0;0.7606961727142334
50%;27638448.0;3534.14501953125;27638448.0;0.764424741268158
75%;27776880.0;3582.166259765625;27776880.0;0.7665174007415771
max;28597438.0;3922.30224609375;28597438.0;0.7697067260742188
