;mean_absolute_error;mean_squared_error;loss;num_examples;num_batches;val_mean_absolute_error;val_mean_squared_error;val_loss;val_num_examples;val_num_batches;test_loss;test_mae;test_mean_squared_error;test_r2_score
0;4655.5;75432970.0;4674.8955;48100;378;13878.748;355372220.0;13989.04;108;4;323164800.0;12935.494140625;323164800.0;-1.4913039207458496
1;3930.8455;59433740.0;3945.658;48100;378;12213.766;287463700.0;12251.03;108;4;295434144.0;12139.806640625;295434144.0;-1.2316091060638428
2;4063.3115;61617870.0;4078.402;48100;378;12156.183;302335580.0;12199.937;108;4;294328000.0;12084.4345703125;294328000.0;-1.2181555032730103
