;mean_absolute_error;mean_squared_error;loss;num_examples;num_batches;val_mean_absolute_error;val_mean_squared_error;val_loss;val_num_examples;val_num_batches
count;3.0;3.0;3.0;3.0;3.0;3.0;3.0;3.0;3.0;3.0
mean;2731.692138671875;21775650.0;21840370.0;48100.0;378.0;3677.0419921875;26039082.0;25796366.0;108.0;4.0
std;224.00778198242188;1997211.625;1992893.25;0.0;0.0;660.1197509765625;7598254.0;7494526.0;0.0;0.0
min;2491.674072265625;19826210.0;19887318.0;48100.0;378.0;2947.724609375;17719402.0;17552340.0;108.0;4.0
25%;2629.9354248046875;20754761.0;20825133.0;48100.0;378.0;3398.7564697265625;22752863.0;22595737.0;108.0;4.0
50%;2768.19677734375;21683312.0;21762948.0;48100.0;378.0;3849.788330078125;27786324.0;27639134.0;108.0;4.0
75%;2851.701171875;22750371.0;22816898.0;48100.0;378.0;4041.7005615234375;30198924.0;29918378.0;108.0;4.0
max;2935.20556640625;23817430.0;23870848.0;48100.0;378.0;4233.61279296875;32611524.0;32197622.0;108.0;4.0
