;test_loss;test_mae;test_mean_squared_error;test_r2_score
mean;24073305.333333332;3496.5133463541665;24073305.333333332;0.8165616393089294
std;519750.9646449281;277.7707272402701;519750.9646449281;0.011582115395932855
min;23677586.0;3216.861572265625;23677586.0;0.805292010307312
25%;23778994.0;3358.5880126953125;23778994.0;0.8106260597705841
50%;23880402.0;3500.314453125;23880402.0;0.8159601092338562
75%;24271165.0;3636.3392333984375;24271165.0;0.8221964538097382
max;24661928.0;3772.364013671875;24661928.0;0.8284327983856201
