;test_loss;test_mae;test_mean_squared_error;test_r2_score
mean;65948788.0;6617.743001302083;65948788.0;0.5095463891824087
std;10405553.897275435;529.2432332519277;10405553.897275435;0.04820433787166694
min;54870300.0;6186.5185546875;54870300.0;0.4566967189311981
25%;61165098.0;6322.431884765625;61165098.0;0.4887702018022537
50%;67459896.0;6458.34521484375;67459896.0;0.5208436846733093
75%;71488032.0;6833.355224609375;71488032.0;0.5359712243080139
max;75516168.0;7208.365234375;75516168.0;0.5510987639427185
