;test_loss;test_mae;test_mean_squared_error;test_r2_score
0;75516168.0;6186.5185546875;75516168.0;0.5510987639427185
1;67459896.0;7208.365234375;67459896.0;0.4566967189311981
2;54870300.0;6458.34521484375;54870300.0;0.5208436846733093
