;test_loss;test_mae;test_mean_squared_error;test_r2_score
mean;28783794.56;4058.965166015625;28783794.56;0.771001718044281
std;3952733.050238806;162.5062058782737;3952733.050238806;0.03455794651917314
min;22267432.0;3782.04638671875;22267432.0;0.6930857300758362
25%;26612906.0;3946.504638671875;26612906.0;0.7511952519416809
50%;27672444.0;4016.72021484375;27672444.0;0.7705968618392944
75%;29505148.0;4138.3984375;29505148.0;0.7948178052902222
max;39710944.0;4327.416015625;39710944.0;0.8420808911323547
