epoch,loss,mae,mean_squared_error,r2_score,val_loss,val_mae,val_mean_squared_error,val_r2_score
0,314361792.0,13051.8974609375,314361792.0,-1.1967369318008423,299693664.0,12233.2275390625,299693664.0,-1.1429523229599
1,199936560.0,9655.3369140625,199936560.0,-0.3272179067134857,144342432.0,10764.5361328125,144342432.0,-0.19509822130203247
2,119485744.0,8866.390625,119485744.0,0.15480679273605347,108530104.0,6844.67529296875,108530104.0,0.2800680100917816
3,85636120.0,6804.40478515625,85636120.0,0.41326969861984253,74092216.0,7454.04443359375,74092216.0,0.41576114296913147
