;test_loss;test_mae;test_mean_squared_error;test_r2_score
mean;23800245.2;2903.964970703125;23800245.2;0.8104576563835144
std;4309499.693178935;300.2528316333253;4309499.693178935;0.04042151227542199
min;18440374.0;2450.888671875;18440374.0;0.7200353741645813
25%;21368842.0;2751.783447265625;21368842.0;0.7885642647743225
50%;22071376.0;2885.23681640625;22071376.0;0.8083358407020569
75%;26266690.0;3072.3125;26266690.0;0.8404427170753479
max;36179204.0;3485.559814453125;36179204.0;0.8837347626686096
