;loss;mae;mean_squared_error;r2_score;val_loss;val_mae;val_mean_squared_error;val_r2_score;test_loss;test_mae;test_mean_squared_error;test_r2_score
mean;21093084.0;2696.9314453125;21093084.0;84.93998169898987;25376246.0;2838.861474609375;25376246.0;83.67233037948608;24018629.6;2700.977978515625;24018629.6;0.8145149111747741
std;1291683.3271634344;133.79096328269443;1291683.3271634344;1.25081329376072;3496297.969754008;125.97729460340581;3496297.969754008;1.6228396742458275;4398154.515258053;197.87440199103452;4398154.515258053;0.04008672229908875
min;19210398.0;2495.153564453125;19210398.0;83.6059033870697;20524956.0;2673.4716796875;20524956.0;81.30887746810913;19051912.0;2415.641845703125;19051912.0;0.7588608264923096
25%;20410248.0;2650.5263671875;20410248.0;84.22104120254517;23644974.0;2766.905517578125;23644974.0;82.66992568969727;19515894.0;2604.52734375;19515894.0;0.7859013676643372
50%;21626550.0;2729.770751953125;21626550.0;84.38305258750916;25338486.0;2865.97265625;25338486.0;84.46388244628906;26182234.0;2764.43310546875;26182234.0;0.8331400752067566
75%;21713006.0;2757.3408203125;21713006.0;85.89466214179993;28212950.0;2880.27880859375;28212950.0;84.91687774658203;26942430.0;2785.298583984375;26942430.0;0.8450661301612854
max;22505218.0;2851.86572265625;22505218.0;86.59524917602539;29159864.0;3007.6787109375;29159864.0;85.00208854675293;28400678.0;2934.989013671875;28400678.0;0.8496061563491821
