;test_loss;test_mae;test_mean_squared_error;test_r2_score
mean;39424719.0;4517.024353027344;39424719.0;0.7024413198232651
std;7519238.234128685;676.1294361862277;7519238.234128685;0.03232147596376106
min;32705484.0;3882.393798828125;32705484.0;0.6602082848548889
25%;33718854.0;4048.2655639648438;33718854.0;0.6880050450563431
50%;38081700.0;4396.074462890625;38081700.0;0.7067055106163025
75%;43787565.0;4864.833251953125;43787565.0;0.7211417853832245
max;48829992.0;5393.5546875;48829992.0;0.7361459732055664
