;loss;mae;mean_squared_error;r2_score;val_loss;val_mae;val_mean_squared_error;val_r2_score;test_loss;test_mae;test_mean_squared_error;test_r2_score
mean;21636685.76;2730.710947265625;21636685.68;84.66446471214294;25541948.16;3057.358681640625;25541948.08;83.45130729675293;23944278.08;2921.51240234375;23944278.08;0.8099063873291016
std;1173220.8701525216;145.73357032334914;1173220.8610782654;0.9878799158596077;3123813.9486472793;294.34808864667536;3123813.8504926683;1.8815355114784316;3896210.9498146395;277.9207170367015;3896210.9498146395;0.03783816955231015
min;18076764.0;2378.653076171875;18076764.0;83.15376043319702;17238680.0;2453.867919921875;17238680.0;79.2547345161438;19051910.0;2415.642333984375;19051910.0;0.7433249950408936
25%;21479838.0;2655.44970703125;21479838.0;84.22104120254517;23899800.0;2865.972900390625;23899800.0;82.15970993041992;21171816.0;2716.8720703125;21171816.0;0.7850224375724792
50%;21756194.0;2713.001708984375;21756194.0;84.67269539833069;26055082.0;3059.461181640625;26055082.0;83.46695303916931;22763138.0;2938.529296875;22763138.0;0.8066890239715576
75%;22209778.0;2814.411865234375;22209778.0;85.08098721504211;27373388.0;3208.29833984375;27373388.0;84.71561074256897;26182238.0;3086.318359375;26182238.0;0.8375381231307983
max;23556022.0;3101.26513671875;23556022.0;87.22482323646545;30845702.0;3720.8173828125;30845700.0;87.79830932617188;32744460.0;3485.929931640625;32744460.0;0.87818443775177
