;loss;mae;mean_squared_error;r2_score;val_loss;val_mae;val_mean_squared_error;val_r2_score
mean;21636685.76;2730.710947265625;21636685.68;0.8466446471214294;25541948.16;3057.358681640625;25541948.08;0.8345130729675293
std;1173220.8701525216;145.73357032334914;1173220.8610782654;0.009878799158596078;3123813.9486472793;294.34808864667536;3123813.8504926683;0.018815355114784316
min;18076764.0;2378.653076171875;18076764.0;0.8315376043319702;17238680.0;2453.867919921875;17238680.0;0.792547345161438
25%;21479838.0;2655.44970703125;21479838.0;0.8422104120254517;23899800.0;2865.972900390625;23899800.0;0.8215970993041992
50%;21756194.0;2713.001708984375;21756194.0;0.8467269539833069;26055082.0;3059.461181640625;26055082.0;0.8346695303916931
75%;22209778.0;2814.411865234375;22209778.0;0.8508098721504211;27373388.0;3208.29833984375;27373388.0;0.8471561074256897
max;23556022.0;3101.26513671875;23556022.0;0.8722482323646545;30845702.0;3720.8173828125;30845700.0;0.8779830932617188
