;loss;mae;mean_squared_error;r2_score;val_loss;val_mae;val_mean_squared_error;val_r2_score;test_loss;test_mae;test_mean_squared_error;test_r2_score
0;43043696.0;5035.01611328125;43043696.0;69.15168762207031;38937748.0;4792.73828125;38937748.0;71.54666781425476;48829992.0;5393.5546875;48829992.0;0.6972706317901611
1;38594440.0;3991.0859375;38594440.0;72.80228734016418;38490076.0;4590.5302734375;38490076.0;75.58556795120239;42106756.0;4688.5927734375;42106756.0;0.6602082848548889
2;39407700.0;4096.123046875;39407700.0;70.34217119216919;40314700.0;4486.89111328125;40314700.0;75.83087086677551;32705484.0;4103.55615234375;32705484.0;0.7361459732055664
3;37785512.0;4020.791748046875;37785512.0;74.9872088432312;37215328.0;4082.846923828125;37215328.0;74.98159408569336;34056644.0;3882.393798828125;34056644.0;0.7161403894424438
