;loss;mae;mean_squared_error;r2_score;val_loss;val_mae;val_mean_squared_error;val_r2_score;test_loss;test_mae;test_mean_squared_error;test_r2_score
mean;39707837.0;4285.754211425781;39707837.0;71.82083874940872;38739463.0;4488.251647949219;38739463.0;74.4861751794815;39424719.0;4517.024353027344;39424719.0;0.7024413198232651
std;2320418.3367002313;501.4604918964793;2320418.3367002313;2.6012795821001817;1278784.5689544429;298.6234353858269;1278784.5689544429;1.9919014701865205;7519238.234128685;676.1294361862277;7519238.234128685;0.03232147596376106
min;37785512.0;3991.0859375;37785512.0;69.15168762207031;37215328.0;4082.846923828125;37215328.0;71.54666781425476;32705484.0;3882.393798828125;32705484.0;0.6602082848548889
25%;38392208.0;4013.3652954101562;38392208.0;70.04455029964447;38171389.0;4385.880065917969;38171389.0;74.12286251783371;33718854.0;4048.2655639648438;33718854.0;0.6880050450563431
50%;39001070.0;4058.4573974609375;39001070.0;71.57222926616669;38713912.0;4538.710693359375;38713912.0;75.28358101844788;38081700.0;4396.074462890625;38081700.0;0.7067055106163025
75%;40316699.0;4330.8463134765625;40316699.0;73.34851771593094;39281986.0;4641.082275390625;39281986.0;75.64689368009567;43787565.0;4864.833251953125;43787565.0;0.7211417853832245
max;43043696.0;5035.01611328125;43043696.0;74.9872088432312;40314700.0;4792.73828125;40314700.0;75.83087086677551;48829992.0;5393.5546875;48829992.0;0.7361459732055664
