;test_loss;test_mae;test_mean_squared_error;test_r2_score
mean;23944278.08;2921.51240234375;23944278.08;0.8099063873291016
std;3896210.9498146395;277.9207170367015;3896210.9498146395;0.03783816955231015
min;19051910.0;2415.642333984375;19051910.0;0.7433249950408936
25%;21171816.0;2716.8720703125;21171816.0;0.7850224375724792
50%;22763138.0;2938.529296875;22763138.0;0.8066890239715576
75%;26182238.0;3086.318359375;26182238.0;0.8375381231307983
max;32744460.0;3485.929931640625;32744460.0;0.87818443775177
