;loss;mae;mean_squared_error;r2_score;val_loss;val_mae;val_mean_squared_error;val_r2_score;test_loss;test_mae;test_mean_squared_error;test_r2_score
0;21626550.0;2757.3408203125;21626550.0;84.22104120254517;29159864.0;2880.27880859375;29159864.0;81.30887746810913;26942430.0;2764.43310546875;26942430.0;0.8331400752067566
1;19210398.0;2495.153564453125;19210398.0;86.59524917602539;20524956.0;2673.4716796875;20524956.0;84.91687774658203;28400678.0;2934.989013671875;28400678.0;0.7588608264923096
2;20410248.0;2650.5263671875;20410248.0;85.89466214179993;25338486.0;2865.97265625;25338486.0;84.46388244628906;19051912.0;2415.641845703125;19051912.0;0.8496061563491821
3;22505218.0;2851.86572265625;22505218.0;83.6059033870697;28212950.0;3007.6787109375;28212950.0;82.66992568969727;19515894.0;2604.52734375;19515894.0;0.8450661301612854
4;21713006.0;2729.770751953125;21713006.0;84.38305258750916;23644974.0;2766.905517578125;23644974.0;85.00208854675293;26182234.0;2785.298583984375;26182234.0;0.7859013676643372
