;test_loss;test_mae;test_mean_squared_error;test_r2_score
mean;24018629.6;2700.977978515625;24018629.6;0.8145149111747741
std;4398154.515258053;197.87440199103452;4398154.515258053;0.04008672229908875
min;19051912.0;2415.641845703125;19051912.0;0.7588608264923096
25%;19515894.0;2604.52734375;19515894.0;0.7859013676643372
50%;26182234.0;2764.43310546875;26182234.0;0.8331400752067566
75%;26942430.0;2785.298583984375;26942430.0;0.8450661301612854
max;28400678.0;2934.989013671875;28400678.0;0.8496061563491821
