;test_loss;test_mae;test_mean_squared_error;test_r2_score
mean;23941379.733333334;2867.7369791666665;23941379.733333334;0.8108364661534627
std;3770398.9044965873;226.45426951711124;3770398.9044965873;0.033046415266021686
min;18818680.0;2517.280517578125;18818680.0;0.7420610785484314
25%;21035520.0;2700.9017333984375;21035520.0;0.7855900526046753
50%;23579754.0;2922.2060546875;23579754.0;0.8144786953926086
75%;26017360.0;3026.4063720703125;26017360.0;0.8381358087062836
max;32803622.0;3244.56982421875;32803622.0;0.8505252599716187
