;test_loss;test_mae;test_mean_squared_error;test_r2_score
mean;23947200.24;2921.54294921875;23947200.24;0.8099102950096131
std;3895341.079044997;277.9614244038353;3895341.079044997;0.03783985873350733
min;19051912.0;2415.6416015625;19051912.0;0.7433249950408936
25%;21171818.0;2716.8720703125;21171818.0;0.7850224375724792
50%;22816820.0;2938.529296875;22816820.0;0.8066890239715576
75%;26182232.0;3087.466552734375;26182232.0;0.8375381231307983
max;32744468.0;3485.930419921875;32744468.0;0.87818443775177
