epoch;loss;mae;mean_squared_error;r2_score;val_loss;val_mae;val_mean_squared_error;val_r2_score
0;229402144.0;11241.1962890625;229402144.0;-0.6570367813110352;119758520.0;6995.41943359375;119758520.0;0.21409517526626587
1;112994560.0;6907.4228515625;112994560.0;0.1739211082458496;94668000.0;8502.23046875;94668000.0;0.3738763928413391
2;67743920.0;6015.29248046875;67743920.0;0.49195387959480286;55670544.0;4910.1552734375;55670544.0;0.643020510673523
3;50535644.0;4555.50341796875;50535644.0;0.6014264822006226;55454336.0;4546.3115234375;55454336.0;0.643215000629425
4;44767848.0;4480.28759765625;44767848.0;0.6653094291687012;39851292.0;4495.9892578125;39851292.0;0.7424101829528809
