epoch;loss;mae;mean_squared_error;r2_score;val_loss;val_mae;val_mean_squared_error;val_r2_score
0;249459872.0;11827.861328125;249459872.0;-0.7621894478797913;132086840.0;7433.69775390625;132086840.0;0.18722784519195557
1;117669544.0;7030.9375;117669544.0;0.1511392444372177;105086096.0;9094.6748046875;105086096.0;0.3556744456291199
2;84390928.0;6731.9755859375;84390928.0;0.3994906544685364;61616428.0;4949.470703125;61616428.0;0.6221697330474854
3;52609388.0;4653.5380859375;52609388.0;0.6226199865341187;52016924.0;4477.974609375;52016924.0;0.6807745695114136
4;45787088.0;4482.61572265625;45787088.0;0.6594843864440918;41350552.0;4498.43212890625;41350552.0;0.7452913522720337
