epoch;loss;mae;mean_squared_error;r2_score;val_loss;val_mae;val_mean_squared_error;val_r2_score
0;270719328.0;12346.6298828125;270719328.0;-0.817740261554718;128595880.0;7220.390625;128595880.0;0.1897658258676529
1;172693536.0;8484.6328125;172693536.0;-0.12871289253234863;63466540.0;5457.07373046875;63466540.0;0.5993222594261169
2;70543912.0;6571.25048828125;70543912.0;0.5293672680854797;79546464.0;5616.8515625;79546464.0;0.49856770038604736
3;58798420.0;4884.8388671875;58798420.0;0.603147029876709;44652352.0;4043.12158203125;44652352.0;0.7161170244216919
4;45512216.0;4182.40234375;45512216.0;0.6941209435462952;38869856.0;4284.6611328125;38869856.0;0.753387451171875
