epoch;loss;mae;mean_squared_error;r2_score;val_loss;val_mae;val_mean_squared_error;val_r2_score
0;230359200.0;11373.18359375;230359200.0;-0.6633031964302063;120605512.0;7151.80126953125;120605512.0;0.27404341101646423
1;100913848.0;7248.07470703125;100913848.0;0.25518080592155457;54685788.0;6131.8662109375;54685788.0;0.670555591583252
2;53825540.0;4983.92578125;53825540.0;0.6007799506187439;65285196.0;4868.177734375;65285196.0;0.6053619384765625
3;53961928.0;4605.30908203125;53961924.0;0.6097421646118164;45223200.0;5034.57080078125;45223200.0;0.7277119159698486
4;44454988.0;4778.279296875;44454988.0;0.6781288385391235;46291188.0;4591.9453125;46291188.0;0.7222024202346802
