epoch;loss;mae;mean_squared_error;r2_score;val_loss;val_mae;val_mean_squared_error;val_r2_score
0;248662784.0;11833.4326171875;248662784.0;-0.6934561729431152;109685504.0;7067.6650390625;109685504.0;0.2814127206802368
1;107542024.0;7416.48876953125;107542024.0;0.2766580581665039;48947284.0;5291.83154296875;48947284.0;0.6793093681335449
2;56656464.0;5003.2109375;56656464.0;0.6051998138427734;59738416.0;4623.1171875;59738416.0;0.6069930195808411
3;51282360.0;4444.65869140625;51282360.0;0.6522306799888611;48017588.0;5115.337890625;48017588.0;0.6835348010063171
4;43689124.0;4608.08837890625;43689124.0;0.7006734013557434;42898848.0;5046.66455078125;42898848.0;0.7187483310699463
