epoch;loss;mae;mean_squared_error;r2_score;val_loss;val_mae;val_mean_squared_error;val_r2_score
0;266361312.0;12048.3994140625;266361312.0;-0.8345021605491638;125482392.0;7266.28515625;125482384.0;0.1962771713733673
1;119775336.0;7158.86376953125;119775336.0;0.1759272962808609;102209328.0;9039.8408203125;102209328.0;0.3462865650653839
2;77810240.0;6472.27294921875;77810240.0;0.4614129662513733;51711464.0;4849.85009765625;51711464.0;0.6680246591567993
3;55303648.0;4724.28955078125;55303648.0;0.6058077216148376;62097896.0;5022.7421875;62097896.0;0.6016599535942078
4;50002896.0;4843.02197265625;50002896.0;0.6539576649665833;40376752.0;4618.0380859375;40376752.0;0.7404670715332031
