epoch;loss;mae;mean_squared_error;r2_score;val_loss;val_mae;val_mean_squared_error;val_r2_score
0;253006576.0;11693.421875;253006576.0;-0.7793036103248596;140088208.0;7469.7880859375;140088208.0;0.16381047666072845
1;117213632.0;7081.08935546875;117213632.0;0.16150736808776855;89919160.0;8295.2998046875;89919160.0;0.45735687017440796
2;62946008.0;5889.22705078125;62946008.0;0.5463795065879822;54433640.0;4962.74365234375;54433640.0;0.6749147772789001
3;53828704.0;4509.99169921875;53828704.0;0.6116995215415955;66053588.0;5095.47021484375;66053588.0;0.6068333387374878
4;46151940.0;4801.421875;46151940.0;0.6636150479316711;43078428.0;4597.07958984375;43078428.0;0.7413334846496582
