epoch;loss;mae;mean_squared_error;r2_score;val_loss;val_mae;val_mean_squared_error;val_r2_score
0;262540176.0;12036.130859375;262540176.0;-0.6953002214431763;110293536.0;7208.587890625;110293528.0;0.29873597621917725
1;103865016.0;7258.994140625;103865016.0;0.32953354716300964;46499668.0;5323.36962890625;46499668.0;0.703728199005127
2;56324228.0;4802.69677734375;56324228.0;0.6186689138412476;46144280.0;3977.3505859375;46144280.0;0.7031429409980774
3;49087000.0;4456.34716796875;49087000.0;0.6741291880607605;50266504.0;5538.857421875;50266504.0;0.6753524541854858
4;47907420.0;4709.142578125;47907420.0;0.6771289110183716;41579288.0;5282.2275390625;41579288.0;0.7343540191650391
