epoch;loss;mae;mean_squared_error;r2_score;val_loss;val_mae;val_mean_squared_error;val_r2_score
0;252524624.0;11782.333984375;252524624.0;-0.6710078120231628;107172976.0;6731.18701171875;107172976.0;0.2683708369731903
1;94711632.0;6729.70654296875;94711632.0;0.3415049910545349;102073712.0;8849.1123046875;102073712.0;0.30030348896980286
2;73221096.0;6070.62255859375;73221096.0;0.4937768578529358;54385060.0;4434.59033203125;54385060.0;0.6277165412902832
3;57214612.0;4769.119140625;57214612.0;0.6015620231628418;53166232.0;4376.8505859375;53166232.0;0.6362956762313843
4;45222068.0;4809.404296875;45222068.0;0.6896079182624817;49317656.0;4058.296630859375;49317656.0;0.662916898727417
