epoch;loss;mae;mean_squared_error;r2_score;val_loss;val_mae;val_mean_squared_error;val_r2_score
0;253787392.0;11952.349609375;253787392.0;-0.7344459295272827;122819384.0;7197.53369140625;122819384.0;0.21734687685966492
1;117905608.0;7137.25927734375;117905608.0;0.1841350644826889;117126760.0;9492.486328125;117126760.0;0.2550715208053589
2;75609392.0;6322.42919921875;75609392.0;0.42566633224487305;48177484.0;4519.71533203125;48177484.0;0.6946163177490234
3;48600108.0;4282.40771484375;48600108.0;0.6666141152381897;49431968.0;4373.66015625;49431968.0;0.6866463422775269
4;42368928.0;4340.92138671875;42368928.0;0.7026050686836243;43394556.0;4448.49072265625;43394552.0;0.7244213223457336
