epoch;loss;mae;mean_squared_error;r2_score;val_loss;val_mae;val_mean_squared_error;val_r2_score
0;239938592.0;11672.0791015625;239938592.0;-0.6572362780570984;108161216.0;6912.91259765625;108161216.0;0.2645763158798218
1;99901280.0;6956.36865234375;99901280.0;0.33699724078178406;60308356.0;6501.1796875;60308356.0;0.5888667106628418
2;50434096.0;5000.80419921875;50434096.0;0.6376754641532898;51865140.0;4248.603515625;51865140.0;0.650373101234436
3;44057064.0;4011.008056640625;44057064.0;0.6932510733604431;39451720.0;4634.67529296875;39451720.0;0.7323076128959656
4;40599256.0;4695.67724609375;40599256.0;0.7132750749588013;40049144.0;5083.72216796875;40049144.0;0.728290319442749
