epoch;loss;mae;mean_squared_error;r2_score;val_loss;val_mae;val_mean_squared_error;val_r2_score
0;244143344.0;11771.8564453125;244143344.0;-0.7120568156242371;117325248.0;7342.59716796875;117325248.0;0.2856881022453308
1;107174720.0;7073.33984375;107174720.0;0.24442973732948303;65733988.0;7117.35888671875;65733988.0;0.601538896560669
2;58853564.0;5268.421875;58853564.0;0.5782256722450256;47286652.0;4498.97802734375;47286652.0;0.7148866653442383
3;64533944.0;5240.1484375;64533944.0;0.5471603274345398;45182712.0;4064.535400390625;45182712.0;0.7266265749931335
4;45890584.0;4699.576171875;45890584.0;0.663784921169281;59752448.0;4355.95947265625;59752448.0;0.6372641324996948
