epoch;loss;mae;mean_squared_error;r2_score;val_loss;val_mae;val_mean_squared_error;val_r2_score
0;246106000.0;11584.7685546875;246106000.0;-0.6084858775138855;101457192.0;6686.958984375;101457192.0;0.2835383117198944
1;97627928.0;7015.81787109375;97627928.0;0.35566145181655884;41425872.0;5185.42138671875;41425872.0;0.7066260576248169
2;49726140.0;4692.3984375;49726140.0;0.6568689346313477;57371920.0;4457.6181640625;57371920.0;0.5919147729873657
3;50523688.0;4442.5703125;50523688.0;0.6589798331260681;43509464.0;4804.56494140625;43509464.0;0.6913888454437256
4;43995596.0;4531.640625;43995596.0;0.6985236406326294;35986084.0;3907.9287109375;35986084.0;0.7467387914657593
