epoch;loss;mae;mean_squared_error;r2_score;val_loss;val_mae;val_mean_squared_error;val_r2_score
0;232517664.0;11444.95703125;232517664.0;-0.6810843348503113;109112816.0;6949.185546875;109112816.0;0.29800766706466675
1;101973936.0;7098.79736328125;101973936.0;0.278120219707489;47180168.0;5733.9921875;47180168.0;0.6944905519485474
2;58096840.0;4913.89599609375;58096840.0;0.5810729265213013;75721760.0;5382.994140625;75721760.0;0.5014733672142029
3;54032700.0;4478.8798828125;54032700.0;0.6021571755409241;46604044.0;4916.53955078125;46604044.0;0.6951944828033447
4;45486600.0;4588.7353515625;45486600.0;0.6824325919151306;40722072.0;4808.61083984375;40722072.0;0.7359604835510254
