epoch;loss;mae;mean_squared_error;r2_score;val_loss;val_mae;val_mean_squared_error;val_r2_score
0;251485312.0;11879.369140625;251485312.0;-0.7385554909706116;119387664.0;7226.0556640625;119387664.0;0.25732794404029846
1;118540400.0;7138.5751953125;118540400.0;0.20488841831684113;117472632.0;9540.54296875;117472632.0;0.26400214433670044
2;82502544.0;6815.96142578125;82502544.0;0.418541818857193;53771768.0;4944.46240234375;53771768.0;0.668703019618988
3;52878132.0;4570.3681640625;52878132.0;0.6384418606758118;54884692.0;4689.20654296875;54884692.0;0.6616302728652954
4;42898572.0;4423.634765625;42898572.0;0.7102683782577515;43082404.0;4766.09814453125;43082404.0;0.7317359447479248
