epoch;loss;mae;mean_squared_error;r2_score;val_loss;val_mae;val_mean_squared_error;val_r2_score
0;244401712.0;11525.228515625;244401712.0;-0.6942434906959534;121559840.0;7030.6005859375;121559840.0;0.18432313203811646
1;137004560.0;7514.9755859375;137004560.0;0.04749979451298714;72347680.0;7372.0419921875;72347680.0;0.5141100883483887
2;81599384.0;6769.8759765625;81599384.0;0.41984423995018005;80756736.0;5871.298828125;80756736.0;0.4586288332939148
3;56773576.0;4720.2119140625;56773576.0;0.5884391069412231;48248264.0;4371.61962890625;48248264.0;0.6755925416946411
4;43160584.0;4120.69970703125;43160584.0;0.6876382231712341;50703812.0;5537.43701171875;50703812.0;0.6584007740020752
