;test_loss;test_mae;test_mean_squared_error;test_r2_score
mean;48919565.333333336;4447.54931640625;48919565.333333336;0.4977320233980815
std;5556346.382876191;172.08394652027246;5556346.382876191;0.06080151172143221
min;45170648.0;4319.9443359375;45170648.0;0.42800235748291016
25%;45727774.0;4349.6923828125;45727774.0;0.4767586290836334
50%;46284900.0;4379.4404296875;46284900.0;0.5255149006843567
75%;50794024.0;4511.351806640625;50794024.0;0.5325968563556671
max;55303148.0;4643.26318359375;55303148.0;0.5396788120269775
