;loss;mae;mean_squared_error;r2_score;val_loss;val_mae;val_mean_squared_error;val_r2_score;test_loss;test_mae;test_mean_squared_error;test_r2_score
0;1837.537353515625;1837.537353515625;22446034.0;85.54223775863647;2027.6429443359375;2027.6429443359375;23490092.0;78.23162078857422;2438.3984375;2438.3984375;33152282.0;0.6511774659156799
1;1884.6734619140625;1884.6734619140625;22700472.0;85.3451669216156;2107.260986328125;2107.260986328125;23499260.0;78.31135988235474;2525.380859375;2525.380859375;32766220.0;0.65584397315979
2;1860.57470703125;1860.57470703125;22315592.0;85.64385771751404;2026.729736328125;2026.729736328125;23777696.0;78.06700468063354;2456.87353515625;2456.87353515625;33382568.0;0.6493608951568604
