;loss;mae;mean_squared_error;r2_score;val_loss;val_mae;val_mean_squared_error;val_r2_score;test_loss;test_mae;test_mean_squared_error;test_r2_score
0;38375564.0;3907.97314453125;38375564.0;75.76340436935425;53983176.0;5298.31298828125;53983176.0;50.513654947280884;55303148.0;4643.26318359375;55303148.0;0.42800235748291016
1;35914268.0;4121.06298828125;35914268.0;77.39502191543579;40684432.0;3829.30810546875;40684432.0;62.79899477958679;45170648.0;4379.4404296875;45170648.0;0.5396788120269775
2;35020124.0;3792.7666015625;35020124.0;77.951180934906;41978116.0;3941.799072265625;41978116.0;61.1517071723938;46284900.0;4319.9443359375;46284900.0;0.5255149006843567
