;test_loss;test_mae;test_mean_squared_error;test_r2_score
mean;32464660.0;2951.8946126302085;32464660.0;0.657723049322764
std;253060.9523652355;79.45788507384282;253060.9523652355;0.003123963454839518
min;32173664.0;2900.221435546875;32173664.0;0.6558374762535095
25%;32380391.0;2906.1473388671875;32380391.0;0.6559200584888458
50%;32587118.0;2912.0732421875;32587118.0;0.6560026407241821
75%;32610158.0;2977.731201171875;32610158.0;0.6586658358573914
max;32633198.0;3043.38916015625;32633198.0;0.6613290309906006
