;test_loss;test_mae;test_mean_squared_error;test_r2_score
mean;2473.5509440104165;2473.5509440104165;33100356.666666668;0.6521274447441101
std;45.82671058866104;45.82671058866104;311437.6253077546;0.0033443115777192283
min;2438.3984375;2438.3984375;32766220.0;0.6493608951568604
25%;2447.635986328125;2447.635986328125;32959251.0;0.6502691805362701
50%;2456.87353515625;2456.87353515625;33152282.0;0.6511774659156799
75%;2491.127197265625;2491.127197265625;33267425.0;0.653510719537735
max;2525.380859375;2525.380859375;33382568.0;0.65584397315979
