;loss;mae;mean_squared_error;r2_score;val_loss;val_mae;val_mean_squared_error;val_r2_score
mean;36436652.0;3940.6009114583335;36436652.0;77.03653573989868;45548574.666666664;4356.473388671875;45548574.666666664;58.15478563308716
std;1737644.4345699726;166.56247405743233;1737644.4345699726;1.1370909500707402;7333162.981426591;817.5939872253127;7333162.981426591;6.668474168307215
min;35020124.0;3792.7666015625;35020124.0;75.76340436935425;40684432.0;3829.30810546875;40684432.0;50.513654947280884
25%;35467196.0;3850.369873046875;35467196.0;76.57921314239502;41331274.0;3885.5535888671875;41331274.0;55.83268105983734
50%;35914268.0;3907.97314453125;35914268.0;77.39502191543579;41978116.0;3941.799072265625;41978116.0;61.1517071723938
75%;37144916.0;4014.51806640625;37144916.0;77.6731014251709;47980646.0;4620.0560302734375;47980646.0;61.975350975990295
max;38375564.0;4121.06298828125;38375564.0;77.951180934906;53983176.0;5298.31298828125;53983176.0;62.79899477958679
