;test_loss;test_mae;test_mean_squared_error;test_r2_score
mean;26831630.32;3514.21935546875;26831630.32;0.7877769684791565
std;3642671.574370139;248.18765350062148;3642671.574370139;0.03658014260313498
min;21980530.0;3136.756591796875;21980530.0;0.7206370830535889
25%;23449018.0;3305.468505859375;23449018.0;0.7621533870697021
50%;26148444.0;3579.871826171875;26148444.0;0.7869215607643127
75%;28353126.0;3698.14501953125;28353126.0;0.8065916299819946
max;36244036.0;4005.00146484375;36244036.0;0.8633636236190796
