;mean_absolute_error;mean_squared_error;loss;num_examples;num_batches;val_mean_absolute_error;val_mean_squared_error;val_loss;val_num_examples;val_num_batches
count;15.0;15.0;15.0;15.0;15.0;15.0;15.0;15.0;15.0;15.0
mean;2707.203125;21410496.0;21392106.0;48120.0;378.2;3924.7978515625;30230548.0;30615640.0;108.0;4.0
std;152.87973022460938;1301025.25;1353261.375;25.354627641855497;0.4140393356054125;366.50164794921875;6395910.0;6540432.0;0.0;0.0
min;2460.324951171875;19169746.0;19198952.0;48100.0;378.0;3341.884521484375;18270256.0;18621028.0;108.0;4.0
25%;2583.3038330078125;20463151.0;20476582.0;48100.0;378.0;3663.4979248046875;25768958.0;25907952.0;108.0;4.0
50%;2716.56396484375;21742800.0;21558480.0;48100.0;378.0;3919.935546875;30858140.0;31615810.0;108.0;4.0
75%;2836.7991943359375;22380759.0;22444713.0;48150.0;378.0;4176.336669921875;33974894.0;34460210.0;108.0;4.0
max;2999.184814453125;23593252.0;23662758.0;48150.0;379.0;4542.43408203125;41256076.0;41353132.0;108.0;4.0
