;test_loss;test_mae;test_mean_squared_error;test_r2_score
mean;27660619.066666666;3662.0339518229166;27660619.066666666;0.7829337000846863
std;3622297.2513433564;345.94282118778636;3622297.2513433564;0.030540281516990998
min;22857810.0;3136.756591796875;22857810.0;0.7206370830535889
25%;25359618.0;3480.6578369140625;25359618.0;0.7594966888427734
50%;27176804.0;3664.59619140625;27176804.0;0.7875159382820129
75%;29362205.0;3799.5391845703125;29362205.0;0.8047617375850677
max;36244036.0;4526.458984375;36244036.0;0.8348674774169922
