;test_loss;test_mae;test_mean_squared_error;test_r2_score
mean;26827767.12;3515.066640625;26827767.12;0.7878373312950134
std;3641358.5354506117;249.1891783448007;3641358.5354506117;0.03665370631731631
min;21980530.0;3136.756591796875;21980530.0;0.7206370830535889
25%;23449018.0;3305.468505859375;23449018.0;0.7621533870697021
50%;26148444.0;3579.871826171875;26148444.0;0.7869215607643127
75%;28353126.0;3698.14501953125;28353126.0;0.8065916299819946
max;36244036.0;4005.00146484375;36244036.0;0.8633636236190796
