;mean_absolute_error;mean_squared_error;loss;num_examples;num_batches;val_mean_absolute_error;val_mean_squared_error;val_loss;val_num_examples;val_num_batches;test_loss;test_mae;test_mean_squared_error;test_r2_score
mean;11105.29296875;256533552.0;260963600.0;4502.5;37.0;14826.5234375;383299680.0;386414368.0;103.0;4.0;314343448.0;12990.99951171875;314343448.0;-1.2336373031139374
std;383.46710205078125;7087981.5;4490706.5;2.886751345948129;0.0;1568.6466064453125;71272216.0;72221568.0;0.0;0.0;42764311.0141564;952.5225289489757;42764311.0141564;0.0662564339014138
min;10816.2763671875;250490832.0;257064000.0;4500.0;37.0;12586.48828125;277277824.0;278722848.0;103.0;4.0;282354432.0;12086.265625;282354432.0;-1.2885688543319702
25%;10916.018310546875;251136216.0;257278152.0;4500.0;37.0;14357.9326171875;375336784.0;380643816.0;103.0;4.0;287472888.0;12439.81298828125;287472888.0;-1.2682327926158905
50%;10967.427734375;255004064.0;260327560.0;4502.5;37.0;15301.859375;412773008.0;416927824.0;103.0;4.0;299479456.0;12788.623046875;299479456.0;-1.2541415095329285
75%;11156.701904296875;260401396.0;264013004.0;4505.0;37.0;15770.45068359375;420735904.0;422698376.0;103.0;4.0;326350016.0;13339.8095703125;326350016.0;-1.2195460200309753
max;11670.0380859375;265635232.0;266135264.0;4505.0;37.0;16115.888671875;430374880.0;433078976.0;103.0;4.0;376060448.0;14300.486328125;376060448.0;-1.1376973390579224
