;test_loss;test_mae;test_mean_squared_error;test_r2_score
mean;28387144.0;3626.33466796875;28387144.0;0.782588803768158
std;1840029.7485307134;382.8632698683518;1840029.7485307134;0.028641501081266924
min;25528780.0;3174.701904296875;25528780.0;0.7460832595825195
25%;28178240.0;3306.806640625;28178240.0;0.7662950158119202
50%;28353126.0;3649.589599609375;28353126.0;0.7875159382820129
75%;29428470.0;3995.57373046875;29428470.0;0.790508508682251
max;30447104.0;4005.00146484375;30447104.0;0.8225412964820862
