;test_loss;test_mae;test_mean_squared_error;test_r2_score
mean;314343448.0;12990.99951171875;314343448.0;-1.2336373031139374
std;42764311.0141564;952.5225289489757;42764311.0141564;0.0662564339014138
min;282354432.0;12086.265625;282354432.0;-1.2885688543319702
25%;287472888.0;12439.81298828125;287472888.0;-1.2682327926158905
50%;299479456.0;12788.623046875;299479456.0;-1.2541415095329285
75%;326350016.0;13339.8095703125;326350016.0;-1.2195460200309753
max;376060448.0;14300.486328125;376060448.0;-1.1376973390579224
