;mean_absolute_error;mean_squared_error;loss;num_examples;num_batches;val_mean_absolute_error;val_mean_squared_error;val_loss;val_num_examples;val_num_batches;test_loss;test_mae;test_mean_squared_error;test_r2_score
0;2761.4277;22000776.0;21936744.0;48100;378;3975.6333;29004000.0;29262606.0;108;4;29428470.0;3995.57373046875;29428470.0;0.8225412964820862
1;2684.7947;20280612.0;20362058.0;48100;378;3208.2603;32567062.0;33598416.0;108;4;30447104.0;3174.701904296875;30447104.0;0.7460832595825195
2;2826.2017;22556878.0;22321668.0;48100;378;4566.2754;37564400.0;38427170.0;108;4;25528780.0;4005.00146484375;25528780.0;0.7875159382820129
3;2733.067;21680022.0;21705348.0;48150;378;4337.161;44277916.0;45655524.0;108;4;28178240.0;3649.589599609375;28178240.0;0.790508508682251
4;2542.3208;19805508.0;19861834.0;48150;379;4035.6987;36854920.0;36490624.0;108;4;28353126.0;3306.806640625;28353126.0;0.7662950158119202
