;mean_absolute_error;mean_squared_error;loss;num_examples;num_batches;val_mean_absolute_error;val_mean_squared_error;val_loss;val_num_examples;val_num_batches
count;4.0;4.0;4.0;4.0;4.0;4.0;4.0;4.0;4.0;4.0
mean;11105.29296875;256533552.0;260963600.0;4502.5;37.0;14826.5234375;383299680.0;386414368.0;103.0;4.0
std;383.46710205078125;7087981.5;4490706.5;2.886751345948129;0.0;1568.6466064453125;71272216.0;72221568.0;0.0;0.0
min;10816.2763671875;250490832.0;257064000.0;4500.0;37.0;12586.48828125;277277824.0;278722848.0;103.0;4.0
25%;10916.018310546875;251136216.0;257278152.0;4500.0;37.0;14357.9326171875;375336784.0;380643816.0;103.0;4.0
50%;10967.427734375;255004064.0;260327560.0;4502.5;37.0;15301.859375;412773008.0;416927824.0;103.0;4.0
75%;11156.701904296875;260401396.0;264013004.0;4505.0;37.0;15770.45068359375;420735904.0;422698376.0;103.0;4.0
max;11670.0380859375;265635232.0;266135264.0;4505.0;37.0;16115.888671875;430374880.0;433078976.0;103.0;4.0
