;mean_absolute_error;mean_squared_error;loss;num_examples;num_batches;val_mean_absolute_error;val_mean_squared_error;val_loss;val_num_examples;val_num_batches;test_loss;test_mae;test_mean_squared_error;test_r2_score
mean;2721.6015625;21487692.0;21515648.0;48120.0;378.2;3748.179443359375;29640322.0;30112858.0;108.0;4.0;26827767.12;3515.066640625;26827767.12;0.7878373312950134
std;104.71387481689453;1310277.0;1302227.125;25.0;0.408248290463863;383.6873779296875;7387289.5;7684861.5;0.0;0.0;3641358.5354506117;249.1891783448007;3641358.5354506117;0.03665370631731631
min;2487.059814453125;18415500.0;18488122.0;48100.0;378.0;3147.53759765625;18476548.0;18734128.0;108.0;4.0;21980530.0;3136.756591796875;21980530.0;0.7206370830535889
25%;2676.81884765625;20466472.0;20487854.0;48100.0;378.0;3565.32763671875;24924480.0;25131972.0;108.0;4.0;23449018.0;3305.468505859375;23449018.0;0.7621533870697021
50%;2725.347900390625;21680022.0;21705348.0;48100.0;378.0;3676.17919921875;28657808.0;29233702.0;108.0;4.0;26148444.0;3579.871826171875;26148444.0;0.7869215607643127
75%;2793.8701171875;22457248.0;22463340.0;48150.0;378.0;3908.815673828125;32813152.0;33598416.0;108.0;4.0;28353126.0;3698.14501953125;28353126.0;0.8065916299819946
max;2873.9208984375;23431504.0;23514486.0;48150.0;379.0;4566.275390625;46247084.0;47951104.0;108.0;4.0;36244036.0;4005.00146484375;36244036.0;0.8633636236190796
