;mean_absolute_error;mean_squared_error;loss;num_examples;num_batches;val_mean_absolute_error;val_mean_squared_error;val_loss;val_num_examples;val_num_batches
count;15.0;15.0;15.0;15.0;15.0;15.0;15.0;15.0;15.0;15.0
mean;2725.86767578125;21567520.0;21580204.0;48120.0;378.2;3883.50830078125;29958784.0;30266114.0;108.0;4.0
std;105.53744506835938;1312362.5;1274063.375;25.354627641855497;0.4140393356054125;443.3363342285156;7684812.0;7937403.0;0.0;0.0
min;2487.059814453125;18415500.0;18488122.0;48100.0;378.0;3147.53759765625;18476548.0;18734128.0;108.0;4.0
25%;2689.845458984375;20983749.0;21018263.0;48100.0;378.0;3633.594482421875;24450191.0;24716718.0;108.0;4.0
50%;2725.347900390625;21680022.0;21705348.0;48100.0;378.0;3767.38671875;28545408.0;28477558.0;108.0;4.0
75%;2796.9619140625;22474502.0;22467230.0;48150.0;378.0;4255.454833984375;34834036.0;35044520.0;108.0;4.0
max;2865.587890625;23120430.0;23184778.0;48150.0;379.0;4566.275390625;44277916.0;45655524.0;108.0;4.0
