;mean_absolute_error;mean_squared_error;loss;num_examples;num_batches;val_mean_absolute_error;val_mean_squared_error;val_loss;val_num_examples;val_num_batches;test_loss;test_mae;test_mean_squared_error;test_r2_score
0;11670.038;265635230.0;266135260.0;4500;37;16115.889;430374880.0;433078980.0;103;4;376060448.0;14300.486328125;376060448.0;-1.2468289136886597
1;10949.266;250490830.0;257349540.0;4500;37;14948.414;408023100.0;414617470.0;103;4;282354432.0;12086.265625;282354432.0;-1.1376973390579224
2;10985.59;258656780.0;263305580.0;4505;37;12586.488;277277820.0;278722850.0;103;4;309779872.0;13019.583984375;309779872.0;-1.2885688543319702
3;10816.276;251351340.0;257064000.0;4505;37;15655.305;417522900.0;419238180.0;103;4;289179040.0;12557.662109375;289179040.0;-1.2614541053771973
