;test_loss;test_mae;test_mean_squared_error;test_r2_score
mean;26747098.0;3200.3162434895835;26747098.0;0.8012561798095703
std;8707052.966927214;410.7049457237817;8707052.966927214;0.04082327434592486
min;18892294.0;2962.55322265625;18892294.0;0.7742393612861633
25%;22065893.0;2963.1959228515625;22065893.0;0.7777754366397858
50%;25239492.0;2963.838623046875;25239492.0;0.7813115119934082
75%;30674500.0;3319.19775390625;30674500.0;0.8147645890712738
max;36109508.0;3674.556884765625;36109508.0;0.8482176661491394
