epoch;loss;mae;mean_squared_error;r2_score;val_loss;val_mae;val_mean_squared_error;val_r2_score
0;322325888.0;12730.501953125;322325888.0;-0.9815635085105896;148852320.0;7838.46435546875;148852320.0;-0.23761266469955444
1;164432320.0;10103.220703125;164432320.0;-0.04766864702105522;117402216.0;6900.41943359375;117402216.0;0.03324802964925766
2;115700992.0;6841.15771484375;115700992.0;0.26920875906944275;58738820.0;6793.17626953125;58738820.0;0.49359825253486633
3;70269704.0;7262.6806640625;70269704.0;0.5654318332672119;53950620.0;4796.5615234375;53950616.0;0.5466715097427368
4;53275792.0;4646.11865234375;53275792.0;0.6697638630867004;59736284.0;4525.552734375;59736284.0;0.4310269355773926
5;45464360.0;4026.81640625;45464360.0;0.7042598724365234;54964452.0;5377.34814453125;54964452.0;0.4985893964767456
